,Model_Name,Model_ID,Chain,Residue_Name,Residue_ID,Amino_Acid,Secondary_Structure,Solvent_Accessability,Phi,Psi
0,1WTE,0,A,MET,1,M,-,0.2553191489361702,360.0,136.2
1,1WTE,0,A,ASN,2,N,-,0.5286624203821656,-87.3,179.2
2,1WTE,0,A,LYS,3,K,H,0.5365853658536586,-57.7,-44.1
3,1WTE,0,A,GLN,4,Q,H,0.6818181818181818,-70.2,-44.3
4,1WTE,0,A,GLU,5,E,H,0.41237113402061853,-52.9,-46.4
5,1WTE,0,A,VAL,6,V,H,0.0,-71.6,-50.5
6,1WTE,0,A,ILE,7,I,H,0.023668639053254437,-59.2,-53.4
7,1WTE,0,A,LEU,8,L,H,0.4695121951219512,-61.1,-42.6
8,1WTE,0,A,LYS,9,K,H,0.36097560975609755,-76.0,-35.2
9,1WTE,0,A,VAL,10,V,H,0.0,-63.0,-41.2
10,1WTE,0,A,GLN,11,Q,H,0.23232323232323232,-55.9,-46.4
11,1WTE,0,A,GLU,12,E,H,0.7577319587628866,-56.8,-50.6
12,1WTE,0,A,CYS,13,C,H,0.07407407407407407,-60.6,-48.3
13,1WTE,0,A,ALA,14,A,H,0.03773584905660377,-62.5,-40.7
14,1WTE,0,A,ALA,15,A,H,0.39622641509433965,-51.9,-51.3
15,1WTE,0,A,TRP,16,W,H,0.44052863436123346,-54.1,-45.9
16,1WTE,0,A,TRP,17,W,H,0.05726872246696035,-68.4,-38.0
17,1WTE,0,A,ILE,18,I,H,0.023668639053254437,-56.8,-46.0
18,1WTE,0,A,LEU,19,L,H,0.7134146341463414,-59.2,-40.8
19,1WTE,0,A,GLU,20,E,H,0.4793814432989691,-61.4,-46.6
20,1WTE,0,A,ARG,21,R,H,0.10483870967741936,-68.3,-27.8
21,1WTE,0,A,GLN,22,Q,H,0.06060606060606061,-69.3,-40.0
22,1WTE,0,A,SER,23,S,H,0.17692307692307693,-64.0,-27.3
23,1WTE,0,A,LYS,24,K,H,0.08780487804878048,-50.9,-42.0
24,1WTE,0,A,LEU,25,L,H,0.006097560975609756,-83.0,-47.9
25,1WTE,0,A,THR,26,T,H,0.5633802816901409,-67.0,-35.1
26,1WTE,0,A,LYS,27,K,T,0.6829268292682927,-87.4,0.2
27,1WTE,0,A,LEU,28,L,T,0.3902439024390244,57.5,48.5
28,1WTE,0,A,MET,29,M,-,0.3776595744680851,-90.3,93.5
29,1WTE,0,A,SER,30,S,-,0.023076923076923078,-112.1,1.5
30,1WTE,0,A,GLU,31,E,T,0.6855670103092784,-63.9,-26.1
31,1WTE,0,A,THR,32,T,T,0.43661971830985913,-87.9,1.0
32,1WTE,0,A,MET,33,M,-,0.11702127659574468,-89.4,116.4
33,1WTE,0,A,SER,34,S,-,0.36153846153846153,-91.2,150.5
34,1WTE,0,A,ILE,35,I,-,0.1301775147928994,-128.3,128.4
35,1WTE,0,A,ASN,36,N,-,0.10828025477707007,-88.1,108.5
36,1WTE,0,A,PRO,37,P,T,0.0,-73.9,-12.2
37,1WTE,0,A,PHE,38,F,T,0.0,-80.8,-23.6
38,1WTE,0,A,MET,39,M,T,0.031914893617021274,-95.0,-15.6
39,1WTE,0,A,THR,40,T,H,0.035211267605633804,-52.6,-47.3
40,1WTE,0,A,PRO,41,P,H,0.04411764705882353,-59.3,-34.2
41,1WTE,0,A,PHE,42,F,H,0.02030456852791878,-69.6,-46.4
42,1WTE,0,A,ILE,43,I,H,0.07692307692307693,-64.9,-40.5
43,1WTE,0,A,PHE,44,F,H,0.20304568527918782,-54.1,-50.5
44,1WTE,0,A,ASP,45,D,H,0.1901840490797546,-80.9,-36.2
45,1WTE,0,A,TYR,46,Y,H,0.0,-62.8,-34.7
46,1WTE,0,A,HIS,47,H,T,0.20108695652173914,-103.9,13.4
47,1WTE,0,A,SER,48,S,T,0.14615384615384616,54.1,49.1
48,1WTE,0,A,LEU,49,L,-,0.10365853658536585,-85.4,145.4
49,1WTE,0,A,ASN,50,N,-,0.6942675159235668,-102.5,-19.2
50,1WTE,0,A,ASP,51,D,S,0.4539877300613497,-164.7,177.2
51,1WTE,0,A,PHE,52,F,H,0.08629441624365482,-71.2,-39.9
52,1WTE,0,A,ASP,53,D,H,0.39263803680981596,-49.6,-46.2
53,1WTE,0,A,GLU,54,E,H,0.25257731958762886,-63.1,-35.5
54,1WTE,0,A,LEU,55,L,H,0.018292682926829267,-64.3,-49.5
55,1WTE,0,A,VAL,56,V,H,0.04929577464788732,-58.9,-40.1
56,1WTE,0,A,GLU,57,E,H,0.5412371134020618,-60.5,-46.5
57,1WTE,0,A,ALA,58,A,H,0.25471698113207547,-63.4,-37.2
58,1WTE,0,A,ILE,59,I,H,0.16568047337278108,-70.9,-45.8
59,1WTE,0,A,ILE,60,I,H,0.023668639053254437,-59.3,-45.3
60,1WTE,0,A,ALA,61,A,H,0.39622641509433965,-58.4,-50.7
61,1WTE,0,A,LYS,62,K,H,0.12682926829268293,-52.8,-45.4
62,1WTE,0,A,HIS,63,H,H,0.14673913043478262,-63.5,-44.1
63,1WTE,0,A,LEU,64,L,H,0.0,-60.8,-45.5
64,1WTE,0,A,MET,65,M,H,0.06914893617021277,-59.5,-43.5
65,1WTE,0,A,THR,66,T,H,0.4507042253521127,-58.6,-47.9
66,1WTE,0,A,GLY,67,G,H,0.19047619047619047,-57.7,-39.4
67,1WTE,0,A,HIS,68,H,H,0.0,-65.8,-43.5
68,1WTE,0,A,ASP,69,D,H,0.3987730061349693,-64.1,-43.9
69,1WTE,0,A,THR,70,T,H,0.5915492957746479,-62.9,-50.8
70,1WTE,0,A,GLY,71,G,H,0.16666666666666666,-64.8,-35.0
71,1WTE,0,A,PHE,72,F,H,0.02030456852791878,-67.9,-43.4
72,1WTE,0,A,GLY,73,G,H,0.25,-62.5,-40.5
73,1WTE,0,A,LYS,74,K,H,0.4926829268292683,-61.7,-37.8
74,1WTE,0,A,LEU,75,L,H,0.018292682926829267,-62.4,-48.5
75,1WTE,0,A,ILE,76,I,H,0.0,-60.3,-44.3
76,1WTE,0,A,ASP,77,D,H,0.13496932515337423,-73.5,-51.9
77,1WTE,0,A,GLU,78,E,H,0.3402061855670103,-92.0,-25.6
78,1WTE,0,A,LYS,79,K,T,0.2,-114.9,-57.7
79,1WTE,0,A,ILE,80,I,H,0.0,-67.1,-47.7
80,1WTE,0,A,LEU,81,L,H,0.0,-60.0,-52.2
81,1WTE,0,A,PRO,82,P,H,0.22794117647058823,-67.9,-47.4
82,1WTE,0,A,ARG,83,R,H,0.6491935483870968,-76.6,-32.7
83,1WTE,0,A,VAL,84,V,H,0.007042253521126761,-95.5,-41.0
84,1WTE,0,A,PHE,85,F,H,0.1218274111675127,-106.1,-2.6
85,1WTE,0,A,GLY,86,G,-,0.5476190476190477,70.7,20.4
86,1WTE,0,A,ALA,87,A,-,0.0660377358490566,-69.7,143.1
87,1WTE,0,A,TYR,88,Y,E,0.46846846846846846,-91.8,116.0
88,1WTE,0,A,LYS,89,K,E,0.2,-79.1,136.7
89,1WTE,0,A,LEU,90,L,-,0.07317073170731707,-86.0,72.8
90,1WTE,0,A,ASP,91,D,-,0.5030674846625767,-91.9,-176.5
91,1WTE,0,A,LYS,92,K,H,0.926829268292683,-57.8,-48.9
92,1WTE,0,A,SER,93,S,H,0.7076923076923077,-62.7,-47.1
93,1WTE,0,A,TYR,94,Y,H,0.18018018018018017,-59.0,-47.4
94,1WTE,0,A,ARG,95,R,H,0.16129032258064516,-63.9,-38.3
95,1WTE,0,A,ALA,96,A,H,0.7075471698113207,-67.1,-32.6
96,1WTE,0,A,ALA,97,A,H,0.7358490566037735,-92.1,-16.3
97,1WTE,0,A,ASN,98,N,S,0.37579617834394907,-125.1,107.3
98,1WTE,0,A,GLU,99,E,T,0.9639175257731959,-62.3,143.2
99,1WTE,0,A,PRO,100,P,T,0.19852941176470587,-97.6,32.2
100,1WTE,0,A,PHE,101,F,T,0.07106598984771574,-68.3,-4.0
101,1WTE,0,A,ILE,102,I,T,0.5857988165680473,-76.3,-18.2
102,1WTE,0,A,HIS,103,H,S,0.3967391304347826,-71.6,141.1
103,1WTE,0,A,PRO,104,P,G,0.1323529411764706,-61.3,-16.0
104,1WTE,0,A,CYS,105,C,G,0.037037037037037035,-62.4,-21.3
105,1WTE,0,A,PHE,106,F,G,0.0,-82.8,-1.4
106,1WTE,0,A,ASP,107,D,G,0.26380368098159507,-57.5,-30.5
107,1WTE,0,A,GLU,108,E,G,0.08762886597938144,-88.4,2.0
108,1WTE,0,A,ILE,109,I,-,0.023668639053254437,-106.7,120.8
109,1WTE,0,A,ASP,110,D,-,0.1411042944785276,-80.5,-41.7
110,1WTE,0,A,HIS,111,H,E,0.0,-145.9,154.2
111,1WTE,0,A,VAL,112,V,E,0.02112676056338028,-102.0,128.0
112,1WTE,0,A,ILE,113,I,E,0.07100591715976332,-104.5,124.4
113,1WTE,0,A,GLN,114,Q,E,0.5404040404040404,-107.4,113.1
114,1WTE,0,A,ARG,115,R,-,0.08870967741935484,-87.4,152.6
115,1WTE,0,A,ASP,116,D,T,1.0,-62.5,-21.0
116,1WTE,0,A,ASP,117,D,T,0.656441717791411,-91.0,7.1
117,1WTE,0,A,GLY,118,G,S,0.7023809523809523,98.2,-13.5
118,1WTE,0,A,ARG,119,R,-,0.4112903225806452,-66.7,142.3
119,1WTE,0,A,ILE,120,I,E,0.28994082840236685,-117.4,123.3
120,1WTE,0,A,GLU,121,E,E,0.02577319587628866,-117.1,131.0
121,1WTE,0,A,LEU,122,L,E,0.006097560975609756,-86.8,139.6
122,1WTE,0,A,LEU,123,L,E,0.0,-120.1,129.9
123,1WTE,0,A,SER,124,S,E,0.015384615384615385,-119.5,108.7
124,1WTE,0,A,LEU,125,L,E,0.08536585365853659,-102.5,138.7
125,1WTE,0,A,LYS,126,K,E,0.15609756097560976,-131.3,152.6
126,1WTE,0,A,ALA,127,A,S,0.2169811320754717,-65.6,-50.1
127,1WTE,0,A,GLY,128,G,S,0.0,-160.2,-174.4
128,1WTE,0,A,LYS,129,K,T,0.3024390243902439,-65.9,-27.7
129,1WTE,0,A,TRP,130,W,T,0.5462555066079295,-90.9,-8.1
130,1WTE,0,A,THR,131,T,S,0.4084507042253521,-61.9,-36.4
131,1WTE,0,A,ILE,132,I,-,0.03550295857988166,-107.0,149.3
132,1WTE,0,A,GLN,133,Q,-,0.3484848484848485,-120.6,-171.2
133,1WTE,0,A,LEU,134,L,H,0.2682926829268293,-60.0,-48.7
134,1WTE,0,A,THR,135,T,H,0.09859154929577464,-53.4,-46.7
135,1WTE,0,A,MET,136,M,H,0.05319148936170213,-67.4,-42.1
136,1WTE,0,A,ALA,137,A,H,0.0,-59.3,-41.6
137,1WTE,0,A,VAL,138,V,H,0.11971830985915492,-65.4,-45.1
138,1WTE,0,A,GLN,139,Q,H,0.10101010101010101,-63.1,-41.9
139,1WTE,0,A,LEU,140,L,H,0.012195121951219513,-57.6,-46.2
140,1WTE,0,A,ASN,141,N,H,0.03184713375796178,-53.5,-45.0
141,1WTE,0,A,LYS,142,K,H,0.44878048780487806,-61.3,-46.1
142,1WTE,0,A,ALA,143,A,H,0.03773584905660377,-65.2,-48.7
143,1WTE,0,A,PHE,144,F,H,0.0,-61.8,-44.1
144,1WTE,0,A,HIS,145,H,H,0.28804347826086957,-60.9,-39.1
145,1WTE,0,A,GLU,146,E,H,0.30412371134020616,-63.4,-43.4
146,1WTE,0,A,ILE,147,I,H,0.023668639053254437,-59.6,-52.7
147,1WTE,0,A,ILE,148,I,H,0.15976331360946747,-58.7,-42.9
148,1WTE,0,A,ASN,149,N,H,0.5605095541401274,-89.5,-33.1
149,1WTE,0,A,ASN,150,N,H,0.6305732484076433,-98.8,-23.0
150,1WTE,0,A,TYR,151,Y,-,0.26126126126126126,-131.2,56.1
151,1WTE,0,A,PRO,152,P,G,0.6838235294117647,-60.8,-27.9
152,1WTE,0,A,GLY,153,G,G,0.9047619047619048,-75.3,-10.8
153,1WTE,0,A,VAL,154,V,G,0.18309859154929578,-73.2,-21.6
154,1WTE,0,A,ALA,155,A,-,0.1792452830188679,-167.7,166.2
155,1WTE,0,A,ASP,156,D,S,0.5705521472392638,-84.8,-30.5
156,1WTE,0,A,ASN,157,N,E,0.25477707006369427,-165.2,170.1
157,1WTE,0,A,ILE,158,I,E,0.029585798816568046,-118.5,129.6
158,1WTE,0,A,VAL,159,V,E,0.007042253521126761,-113.6,135.7
159,1WTE,0,A,VAL,160,V,E,0.014084507042253521,-99.9,120.9
160,1WTE,0,A,GLY,161,G,E,0.0,-99.9,141.5
161,1WTE,0,A,VAL,162,V,E,0.0,-125.4,111.0
162,1WTE,0,A,PHE,163,F,S,0.015228426395939087,-78.2,-20.1
163,1WTE,0,A,TYR,164,Y,S,0.11261261261261261,-133.0,158.6
164,1WTE,0,A,GLY,165,G,S,0.19047619047619047,93.6,-163.5
165,1WTE,0,A,ASN,166,N,-,0.267515923566879,-138.2,169.2
166,1WTE,0,A,SER,167,S,T,0.5538461538461539,-56.1,-45.4
167,1WTE,0,A,HIS,168,H,T,0.967391304347826,-67.8,-32.9
168,1WTE,0,A,GLY,169,G,T,0.30952380952380953,-77.7,-10.6
169,1WTE,0,A,LEU,170,L,-,0.1951219512195122,-63.0,148.4
170,1WTE,0,A,THR,171,T,-,0.19014084507042253,-81.3,171.2
171,1WTE,0,A,ASP,172,D,T,0.4049079754601227,-59.8,-15.9
172,1WTE,0,A,LYS,173,K,H,0.23902439024390243,-63.0,-30.1
173,1WTE,0,A,TYR,174,Y,H,0.036036036036036036,-74.7,-13.0
174,1WTE,0,A,ARG,175,R,H,0.4032258064516129,-89.5,-44.6
175,1WTE,0,A,ILE,176,I,H,0.03550295857988166,-56.7,-39.5
176,1WTE,0,A,LEU,177,L,T,0.0,-70.1,-24.9
177,1WTE,0,A,ARG,178,R,T,0.2217741935483871,-79.8,1.0
178,1WTE,0,A,GLY,179,G,T,0.11904761904761904,87.1,5.4
179,1WTE,0,A,ILE,180,I,-,0.1301775147928994,-87.8,116.2
180,1WTE,0,A,ASN,181,N,-,0.267515923566879,-140.8,84.2
181,1WTE,0,A,THR,182,T,-,0.8028169014084507,-85.4,-18.5
182,1WTE,0,A,GLY,183,G,S,0.7380952380952381,-99.9,-129.2
183,1WTE,0,A,ALA,184,A,S,0.6792452830188679,-69.2,147.5
184,1WTE,0,A,ASN,185,N,-,0.5605095541401274,-65.4,129.2
185,1WTE,0,A,HIS,186,H,-,0.16304347826086957,-126.7,-1.6
186,1WTE,0,A,ASN,187,N,-,0.6305732484076433,64.1,54.2
187,1WTE,0,A,VAL,188,V,-,0.13380281690140844,-106.1,163.5
188,1WTE,0,A,ILE,189,I,-,0.4970414201183432,-121.1,137.8
189,1WTE,0,A,ASP,190,D,-,0.5460122699386503,-64.8,119.3
190,1WTE,0,A,ILE,191,I,-,0.08284023668639054,-137.3,26.1
191,1WTE,0,A,ARG,192,R,T,0.39919354838709675,-66.8,-24.9
192,1WTE,0,A,ASP,193,D,T,0.9079754601226994,-68.1,-22.5
193,1WTE,0,A,LYS,194,K,T,0.45365853658536587,-112.6,-8.5
194,1WTE,0,A,VAL,195,V,E,0.0,-125.0,121.8
195,1WTE,0,A,HIS,196,H,E,0.391304347826087,-124.4,146.0
196,1WTE,0,A,VAL,197,V,E,0.2112676056338028,-113.2,128.7
197,1WTE,0,A,TYR,198,Y,E,0.3333333333333333,-125.6,136.2
198,1WTE,0,A,ALA,199,A,E,0.018867924528301886,-126.8,144.8
199,1WTE,0,A,GLY,200,G,T,0.0,63.3,-132.6
200,1WTE,0,A,LYS,201,K,H,0.34146341463414637,-49.9,-41.8
201,1WTE,0,A,GLU,202,E,H,0.422680412371134,-67.7,-35.0
202,1WTE,0,A,PHE,203,F,H,0.0,-63.1,-49.2
203,1WTE,0,A,TRP,204,W,H,0.004405286343612335,-64.3,-37.0
204,1WTE,0,A,SER,205,S,H,0.18461538461538463,-63.6,-52.4
205,1WTE,0,A,TRP,206,W,H,0.14096916299559473,-53.5,-46.8
206,1WTE,0,A,LEU,207,L,H,0.04878048780487805,-55.0,-46.6
207,1WTE,0,A,ASN,208,N,T,0.012738853503184714,-107.0,46.5
208,1WTE,0,A,ASN,209,N,T,0.7006369426751592,53.9,39.2
209,1WTE,0,A,GLY,210,G,T,0.6071428571428571,86.2,9.0
210,1WTE,0,A,GLU,211,E,-,0.4587628865979381,-76.1,101.5
211,1WTE,0,A,ALA,212,A,T,0.36792452830188677,-52.9,-33.5
212,1WTE,0,A,GLU,213,E,T,0.5,-84.9,2.2
213,1WTE,0,A,THR,214,T,H,0.0,-53.7,-44.2
214,1WTE,0,A,GLN,215,Q,H,0.010101010101010102,-55.9,-38.3
215,1WTE,0,A,HIS,216,H,H,0.19021739130434784,-67.0,-39.1
216,1WTE,0,A,TRP,217,W,H,0.1013215859030837,-62.4,-42.6
217,1WTE,0,A,VAL,218,V,H,0.0,-56.7,-52.1
218,1WTE,0,A,LEU,219,L,H,0.0,-60.3,-40.3
219,1WTE,0,A,GLU,220,E,H,0.28865979381443296,-61.0,-42.9
220,1WTE,0,A,GLY,221,G,H,0.0,-56.6,-44.8
221,1WTE,0,A,ILE,222,I,H,0.04142011834319527,-63.7,-47.0
222,1WTE,0,A,GLU,223,E,H,0.28865979381443296,-50.9,-50.8
223,1WTE,0,A,ARG,224,R,H,0.41935483870967744,-63.3,-41.8
224,1WTE,0,A,ALA,225,A,H,0.02830188679245283,-62.7,-42.9
225,1WTE,0,A,VAL,226,V,H,0.04929577464788732,-58.4,-50.1
226,1WTE,0,A,LYS,227,K,H,0.824390243902439,-59.1,-49.3
227,1WTE,0,A,GLU,228,E,H,0.8298969072164949,-63.1,-33.9
228,1WTE,0,A,ALA,229,A,H,0.3113207547169811,-64.7,-33.7
229,1WTE,0,A,ASP,230,D,-,0.7975460122699386,54.0,63.9
230,1WTE,0,A,ILE,231,I,-,0.011834319526627219,-109.1,2.5
231,1WTE,0,A,LYS,232,K,T,0.2975609756097561,-72.3,-31.4
232,1WTE,0,A,GLU,233,E,T,0.7319587628865979,-83.8,-48.8
233,1WTE,0,A,LYS,234,K,H,0.5365853658536586,-69.6,-32.7
234,1WTE,0,A,ASN,235,N,H,0.0,-60.3,-27.2
235,1WTE,0,A,LYS,236,K,H,0.47804878048780486,-56.9,-45.6
236,1WTE,0,A,ASP,237,D,H,0.4723926380368098,-76.2,-41.1
237,1WTE,0,A,LEU,238,L,H,0.22560975609756098,-59.0,-38.4
238,1WTE,0,A,ILE,239,I,H,0.21301775147928995,-69.3,-36.5
239,1WTE,0,A,GLU,240,E,H,0.4690721649484536,-67.4,-38.1
240,1WTE,0,A,LYS,241,K,H,0.4682926829268293,-70.3,-35.6
241,1WTE,0,A,PHE,242,F,H,0.0,-58.9,-49.9
242,1WTE,0,A,LYS,243,K,H,0.06341463414634146,-55.2,-43.4
243,1WTE,0,A,GLU,244,E,H,0.35051546391752575,-66.5,-40.3
244,1WTE,0,A,HIS,245,H,H,0.30978260869565216,-58.0,-43.2
245,1WTE,0,A,VAL,246,V,H,0.035211267605633804,-70.0,-44.8
246,1WTE,0,A,ALA,247,A,H,0.0660377358490566,-64.1,-37.3
247,1WTE,0,A,LYS,248,K,H,0.7317073170731707,-57.0,-26.9
248,1WTE,0,A,LYS,249,K,T,0.3463414634146341,-61.8,-26.1
249,1WTE,0,A,TYR,250,Y,T,0.15765765765765766,-122.2,-31.6
250,1WTE,0,A,ASN,251,N,T,0.3630573248407643,-75.5,-0.1
251,1WTE,0,A,GLU,252,E,T,0.9123711340206185,-116.5,30.9
252,1WTE,0,A,GLN,253,Q,T,0.47474747474747475,-154.5,-18.7
253,1WTE,0,A,VAL,254,V,S,0.007042253521126761,-101.7,-4.3
254,1WTE,0,A,LEU,255,L,B,0.32926829268292684,-97.0,141.0
255,1WTE,0,A,ASN,256,N,-,0.42038216560509556,-84.6,168.1
